{
    "agent": "GTD2",
    "problem": "SmallChainRandomCluster5050",
    "subsample": 250,
    "metaParameters": {
        "ratio": [0.015625, 0.03125, 0.0625, 0.125, 0.25, 0.5, 1, 2, 4, 8, 16, 32, 64],
        "alpha": [1.0, 0.5, 0.25, 0.125, 0.0625, 0.03125, 0.015625, 0.0078125],
        "size": [1, 2, 3, 4, 5]
    }
}
