{
    "agent": "SmoothTDCschedule",
    "problem": "SmallChainInverted5050",
    "subsample": 25,
    "metaParameters": {
        "n0": [10, 100, 1000],
        "ratio": 1,
        "alpha": [1.0, 0.5, 0.25, 0.125, 0.0625, 0.03125, 0.015625, 0.0078125],
        "use_ideal_h": false,
        "averageType": ["ema"],
        "buffer": [2, 4, 8, 16, 32, 64, 128]
    }
}
