{
    "agent": "GTD2secondaryAdagrad",

    "problem": "Chain",
    "nstates": 19,
    "nsteps": 3000,

    "metaParameters": {
        "target_policy": [[0.4,0.6]],
        "representation": "Inverted",
        "ratio": 1.0,
        "alpha": [1.0, 0.5, 0.25, 0.125, 0.0625, 0.03125, 0.015625, 0.0078125, 0.00390625, 0.00195313, 0.000976563],
        "alpha_h": [1.0, 0.5, 0.25, 0.125, 0.0625, 0.03125, 0.015625, 0.0078125, 0.00390625, 0.00195313, 0.000976563]
    }
}
