{
    "agent": "TDC",
    "problem": "Boyan",
    "metaParameters": {
        "ratio": 2.0,
        "momentum": 0,
        "curve": [0, 0.8, 0.9, 0.99, 0.999],
        "alpha": [1.0, 0.5, 0.25, 0.125, 0.0625, 0.03125, 0.015625, 0.0078125],
        "use_ideal_h": false
    }
}
