{
    "agent": "GTD2adagrad",
    "problem": "TCChain",
    "nsteps": 6000,
    "metaParameters": {
        "ratio": 1.0,
        "use_ideal_h": true,
        "alpha": [1, 0.5, 0.25, 0.125, 0.0625, 0.03125, 0.015625, 0.0078125, 0.00390625, 0.001953125, 0.0009765625, 0.00048828125, 0.000244140625, 0.0001220703125, 6.103515625e-05, 3.0517578125e-05],
        "tilings": [1, 2, 4, 8, 16],
        "tiles": [2, 3, 4, 5, 6, 7, 8, 9, 10, 11, 12, 13, 14, 15, 16, 17, 18, 19]
    }
}
