{
    "agent": "TDschedule",
    "problem": "SmallChainTabular4060",
    "subsample": 10,
    "metaParameters": {
        "n0": [10, 100, 1000],
        "ratio": 0,
        "alpha": [1.0, 0.5, 0.25, 0.125, 0.0625, 0.03125, 0.015625, 0.0078125],
        "replay": [32, 64],
        "buffer_size": [100],
        "use_ideal_h": false
    }
}
