{
    "agent": "ReghTDCadagrad",
    "problem": "SmallChainDependent4060",
    "subsample": 10,
    "metaParameters": {
        "ratio": [0.015625, 0.03125, 0.0625, 0.125, 0.25, 0.5, 1, 2, 4, 8, 16, 32, 64],
        "alpha": [4.0, 2.0, 1.0, 0.5, 0.25, 0.125, 0.0625, 0.03125, 0.015625, 0.0078125],
        "reg_h": [0.0001953125, 0.000390625, 0.00078125, 0.0015625, 0.003125, 0.00625, 0.0125, 0.025, 0.05, 0.1, 0.2, 0.4, 0.8, 1.6, 3.2, 6.4, 12.8, 25.6, 51.2],
        "use_ideal_h": false
    }
}
