{
    "agent": "ReghGTD2adagrad",
    "problem": "SmallChainTabular5050",
    "subsample": 10,
    "metaParameters": {
        "ratio": [0.015625, 0.03125, 0.0625, 0.125, 0.25, 0.5, 1, 2, 4, 8, 16, 32, 64],
        "alpha": [1.0, 0.5, 0.25, 0.125, 0.0625, 0.03125, 0.015625, 0.0078125],
        "reg_h": [0.1, 0.2, 0.4, 0.8, 1.6, 3.2, 6.4],
        "use_ideal_h": false
    }
}
