{
    "agent": "TDadagrad",
    "problem": "MediumChainTC5050",
    "metaParameters": {
        "ratio": 2.0,
        "alpha": [2, 1, 0.5, 0.25, 0.125, 0.0625, 0.03125, 0.015625, 0.0078125],
        "tilings": [1, 2, 4, 8],
        "tiles": [2, 4, 6, 8, 9]
    }
}
		