{
    "agent": "TDRCC",
    "problem": "Boyan",
    "subsample": 10,
    "steps": 5000,
    "metaParameters": {
        "batch_size": [1, 2, 4, 8, 16, 32, 64],
        "ratio": 1,
        "alpha": [1.0, 0.9, 0.8, 0.7, 0.6, 0.5, 0.25, 0.125, 0.0625, 0.03125],
        "reg_h": [0.00625, 0.0125, 0.025, 0.05, 0.1, 0.2, 0.4, 0.8, 1.6],
        "use_ideal_h": false
    }
}
