{
    "agent": "ReghTDCamsgrad",
    "problem": "SmallChainInverted4060",
    "subsample": 10,
    "metaParameters": {
        "momentum": [0.9, 0.99, 0.999],
        "curve": [0.9, 0.99, 0.999],
        "ratio": [0.015625, 0.03125, 0.0625, 0.125, 0.25, 0.5, 1, 2, 4, 8, 16, 32, 64],
        "alpha": [1.0, 0.5, 0.25, 0.125, 0.0625, 0.03125, 0.015625, 0.0078125],
        "reg_h": [0.8],
        "replay": [32, 64],
        "buffer_size": [100],
        "use_ideal_h": false
    }
}
