{
    "agent": "GTD2AdaGradPNorm",

    "problem": "Chain2575",
    "nstates": 19,
    "nsteps": 3000,
    "representation": "OneHot",

    "metaParameters": {
        "ratio": 1.0,
        "p": [2,3,4,5,6,7,8,9,10],
        "alpha": [1.0, 0.5, 0.25, 0.125, 0.0625, 0.03125, 0.015625, 0.0078125, 0.00390625, 0.00195313, 0.000976563],
        "alpha_h": [1.0, 0.5, 0.25, 0.125, 0.0625, 0.03125, 0.015625, 0.0078125, 0.00390625, 0.00195313, 0.000976563]
    }
}
